City_ID,City,Country,Date,Lat,Lng,Max Temp,Humidity,Cloudiness,Wind Speed,Current Description,Rain inches (last 3hrs),Snow inches (last 3hrs)
0,Dzerzhinskoye,RU,2022-07-24 05:31:19,56.8344,95.2283,73.09,42,32,6.91,scattered clouds,0.0,0.0
1,Aklavik,CA,2022-07-24 05:31:20,68.2191,-135.0107,42.55,86,100,9.48,overcast clouds,0.0,0.0
2,Puerto Ayora,EC,2022-07-24 05:29:33,-0.7393,-90.3518,69.55,92,63,7.0,broken clouds,0.0,0.0
3,Mildura,AU,2022-07-24 05:30:07,-34.2,142.15,69.85,42,17,14.81,few clouds,0.0,0.0
4,Bathsheba,BB,2022-07-24 05:31:20,13.2167,-59.5167,81.21,86,20,16.11,few clouds,0.0,0.0
5,Samalkot,IN,2022-07-24 05:31:21,17.05,82.1833,88.18,62,94,12.44,overcast clouds,0.0,0.0
6,Fortuna,US,2022-07-24 05:30:29,40.5982,-124.1573,57.34,83,11,1.81,few clouds,0.0,0.0
7,Barrow,US,2022-07-24 05:30:03,71.2906,-156.7887,37.42,87,100,10.36,mist,0.0,0.0
8,Iracoubo,GF,2022-07-24 05:31:22,5.4802,-53.2011,76.21,89,97,7.18,overcast clouds,0.0,0.0
9,Pisco,PE,2022-07-24 05:31:23,-13.7,-76.2167,60.85,82,100,5.75,mist,0.0,0.0
10,Hendersonville,US,2022-07-24 05:31:23,36.3048,-86.62,83.28,77,2,4.03,clear sky,0.0,0.0
11,Geraldton,AU,2022-07-24 05:29:54,-28.7667,114.6,63.01,63,2,9.22,clear sky,0.0,0.0
12,Cape Town,ZA,2022-07-24 05:27:58,-33.9258,18.4232,53.91,72,0,9.22,clear sky,0.0,0.0
13,Soderhamn,SE,2022-07-24 05:31:24,61.3037,17.0592,63.75,57,86,2.98,overcast clouds,0.0,0.0
14,Kodiak,US,2022-07-24 05:30:32,57.79,-152.4072,51.31,93,100,18.41,light rain,0.0,0.0
15,Lagoa,PT,2022-07-24 05:31:24,39.05,-27.9833,71.89,92,2,10.4,clear sky,0.0,0.0
16,Tessalit,ML,2022-07-24 05:31:25,20.1986,1.0114,80.37,50,70,20.11,broken clouds,0.0,0.0
17,Hasaki,JP,2022-07-24 05:30:12,35.7333,140.8333,80.29,77,83,20.07,broken clouds,0.0,0.0
18,Tasiilaq,GL,2022-07-24 05:29:34,65.6145,-37.6368,35.31,91,75,9.17,broken clouds,0.0,0.0
19,Alofi,NU,2022-07-24 05:31:25,-19.0595,-169.9187,71.49,68,91,9.22,overcast clouds,0.0,0.0
20,Punta Arenas,CL,2022-07-24 05:29:21,-53.15,-70.9167,32.11,86,0,6.91,clear sky,0.0,0.0
21,Kasimov,RU,2022-07-24 05:31:26,54.9411,41.3953,75.78,58,6,4.23,clear sky,0.0,0.0
22,Salinas,US,2022-07-24 05:30:33,36.6777,-121.6555,56.98,85,100,10.36,mist,0.0,0.0
23,Asau,RO,2022-07-24 05:31:26,46.4333,26.4,69.28,36,27,2.17,scattered clouds,0.0,0.0
24,Baripada,IN,2022-07-24 05:31:27,21.935,86.7214,86.86,70,98,8.48,light rain,0.0,0.0
25,Yondo,CO,2022-07-24 05:31:27,7.0062,-73.9097,71.67,98,67,0.54,broken clouds,0.0,0.0
26,Monrovia,LR,2022-07-24 05:31:28,6.3005,-10.7969,74.75,84,100,6.8,light rain,0.0,0.0
27,Praia Da Vitoria,PT,2022-07-24 05:31:28,38.7333,-27.0667,71.76,94,20,3.76,few clouds,0.0,0.0
28,Saint George,US,2022-07-24 05:31:28,37.1041,-113.5841,90.25,34,0,8.05,clear sky,0.0,0.0
29,Tambovka,RU,2022-07-24 05:31:29,50.0969,128.0489,79.43,52,50,6.76,scattered clouds,0.0,0.0
30,Mar Del Plata,AR,2022-07-24 05:29:56,-38.0023,-57.5575,50.09,98,100,0.0,fog,0.0,0.0
31,Ushuaia,AR,2022-07-24 05:29:15,-54.8,-68.3,35.26,75,40,16.11,scattered clouds,0.0,0.0
32,Lavrentiya,RU,2022-07-24 05:31:30,65.5833,-171.0,41.56,93,100,9.26,light rain,0.0,0.0
33,Barcelos,PT,2022-07-24 05:30:41,41.5388,-8.6151,64.85,92,1,2.33,clear sky,0.0,0.0
34,Karaton,ID,2022-07-24 05:31:30,-6.3424,106.1045,84.9,67,57,1.74,broken clouds,0.0,0.0
35,Khatanga,RU,2022-07-24 05:29:53,71.9667,102.5,80.01,39,26,11.79,scattered clouds,0.0,0.0
36,Rikitea,PF,2022-07-24 05:29:21,-23.1203,-134.9692,73.27,64,2,6.38,clear sky,0.0,0.0
37,Dauriya,RU,2022-07-24 05:31:31,49.9333,116.8667,67.75,77,100,5.5,overcast clouds,0.0,0.0
38,Mlimba,TZ,2022-07-24 05:31:31,-8.8,35.8167,73.42,59,1,2.53,clear sky,0.0,0.0
39,Bredasdorp,ZA,2022-07-24 05:29:23,-34.5322,20.0403,49.87,74,56,1.41,broken clouds,0.0,0.0
40,New Norfolk,AU,2022-07-24 05:29:31,-42.7826,147.0587,58.55,71,51,1.28,broken clouds,0.0,0.0
41,Sisimiut,GL,2022-07-24 05:31:32,66.9395,-53.6735,41.97,92,51,4.25,broken clouds,0.0,0.0
42,Selma,US,2022-07-24 05:28:07,36.5708,-119.6121,87.85,28,0,8.05,clear sky,0.0,0.0
43,Albany,US,2022-07-24 05:29:27,42.6001,-73.9662,74.79,67,62,2.59,broken clouds,0.0,0.0
44,Fortuna Foothills,US,2022-07-24 05:31:33,32.6578,-114.4119,91.22,49,0,9.22,clear sky,0.0,0.0
45,Bowen,AU,2022-07-24 05:31:33,-20.0167,148.2333,70.23,69,1,13.89,clear sky,0.0,0.0
46,Norman Wells,CA,2022-07-24 05:31:13,65.282,-126.8329,60.33,59,98,5.77,overcast clouds,0.0,0.0
47,Chokurdakh,RU,2022-07-24 05:29:16,70.6333,147.9167,68.11,31,84,10.36,broken clouds,0.0,0.0
48,Alba,PL,2022-07-24 05:31:34,52.0324,23.1165,66.63,88,77,10.71,broken clouds,0.0,0.0
49,Husavik,IS,2022-07-24 05:31:34,66.0449,-17.3389,46.22,89,98,0.72,overcast clouds,0.0,0.0
50,Corinto,GR,2022-07-24 05:31:35,37.9407,22.9573,86.9,28,0,4.68,clear sky,0.0,0.0
51,Busselton,AU,2022-07-24 05:29:06,-33.65,115.3333,57.51,55,81,9.69,broken clouds,0.0,0.0
52,Tukrah,LY,2022-07-24 05:31:35,32.5341,20.5791,81.25,68,0,11.5,clear sky,0.0,0.0
53,Paamiut,GL,2022-07-24 05:31:35,61.994,-49.6678,42.6,89,6,0.74,clear sky,0.0,0.0
54,Jamestown,US,2022-07-24 05:26:00,42.097,-79.2353,62.22,96,19,5.88,few clouds,0.0,0.0
55,Hermanus,ZA,2022-07-24 05:29:44,-34.4187,19.2345,47.8,71,95,8.41,overcast clouds,0.0,0.0
56,San Patricio,US,2022-07-24 05:29:39,28.017,-97.5169,85.89,78,27,14.9,scattered clouds,0.0,0.0
57,Meulaboh,ID,2022-07-24 05:31:36,4.1363,96.1285,83.35,74,70,5.17,broken clouds,0.0,0.0
58,Bluff,NZ,2022-07-24 05:29:32,-46.6,168.3333,46.8,79,8,4.16,clear sky,0.0,0.0
59,Hualmay,PE,2022-07-24 05:29:33,-11.0964,-77.6139,60.6,88,27,6.35,scattered clouds,0.0,0.0
60,Yellowknife,CA,2022-07-24 05:29:22,62.456,-114.3525,63.09,50,42,8.25,scattered clouds,0.0,0.0
61,Beringovskiy,RU,2022-07-24 05:29:44,63.05,179.3167,45.75,75,100,12.28,overcast clouds,0.0,0.0
62,Mahebourg,MU,2022-07-24 05:31:38,-20.4081,57.7,73.69,68,40,12.66,scattered clouds,0.0,0.0
63,Mabaruma,GY,2022-07-24 05:31:38,8.2,-59.7833,72.39,99,59,1.97,broken clouds,0.0,0.0
64,Vaini,TO,2022-07-24 05:29:51,-21.2,-175.2,71.76,83,40,9.22,scattered clouds,0.0,0.0
65,Hithadhoo,MV,2022-07-24 05:29:20,-0.6,73.0833,81.64,71,100,1.34,overcast clouds,0.0,0.0
66,Korla,CN,2022-07-24 05:31:39,41.7597,86.1469,102.0,9,0,6.87,clear sky,0.0,0.0
67,Ponta Do Sol,PT,2022-07-24 05:30:45,32.6667,-17.1,75.33,70,5,3.04,clear sky,0.0,0.0
68,Orlovka,RU,2022-07-24 05:31:39,44.6914,44.1744,74.61,47,15,14.47,few clouds,0.0,0.0
69,Hofn,IS,2022-07-24 05:30:38,64.2539,-15.2082,52.72,83,88,1.7,overcast clouds,0.0,0.0
70,Raudeberg,NO,2022-07-24 05:31:40,61.9875,5.1352,54.95,82,100,2.46,overcast clouds,0.0,0.0
71,Revelstoke,CA,2022-07-24 05:31:40,50.9832,-118.2023,69.82,52,0,3.44,clear sky,0.0,0.0
72,Port Elizabeth,ZA,2022-07-24 05:28:20,-33.918,25.5701,52.32,90,20,14.97,few clouds,0.0,0.0
73,Cherskiy,RU,2022-07-24 05:31:09,68.75,161.3,60.24,44,69,11.52,broken clouds,0.0,0.0
74,Sangar,RU,2022-07-24 05:31:41,63.9242,127.4739,77.43,46,12,10.31,few clouds,0.0,0.0
75,Castro,BR,2022-07-24 05:29:18,-24.7911,-50.0119,56.23,76,69,3.33,broken clouds,0.0,0.0
76,Kapaa,US,2022-07-24 05:29:14,22.0752,-159.319,82.38,77,40,14.97,scattered clouds,0.0,0.0
77,Sao Filipe,CV,2022-07-24 05:30:05,14.8961,-24.4956,76.46,87,99,4.25,light rain,0.0,0.0
78,Luganville,VU,2022-07-24 05:30:23,-15.5333,167.1667,80.67,79,11,5.84,few clouds,0.0,0.0
79,Severo-Kurilsk,RU,2022-07-24 05:29:41,50.6789,156.125,56.41,91,98,6.82,overcast clouds,0.0,0.0
80,Buraydah,SA,2022-07-24 05:31:42,26.326,43.975,103.42,9,48,14.2,scattered clouds,0.0,0.0
81,College,US,2022-07-24 05:31:42,64.8569,-147.8028,57.65,62,86,4.16,overcast clouds,0.0,0.0
82,Atuona,PF,2022-07-24 05:29:36,-9.8,-139.0333,77.41,70,24,16.11,few clouds,0.0,0.0
83,Dalby,AU,2022-07-24 05:31:43,-27.1833,151.2667,66.15,49,1,2.77,clear sky,0.0,0.0
84,Arlit,NE,2022-07-24 05:31:43,18.7369,7.3853,88.93,35,58,7.16,broken clouds,0.0,0.0
85,Mataura,NZ,2022-07-24 05:29:17,-46.1927,168.8643,46.47,90,3,0.94,clear sky,0.0,0.0
86,Sitka,US,2022-07-24 05:31:08,57.0531,-135.33,55.29,88,100,4.61,moderate rain,0.0,0.0
87,Nemuro,JP,2022-07-24 05:31:44,43.3236,145.575,63.23,90,82,3.96,broken clouds,0.0,0.0
88,Qaanaaq,GL,2022-07-24 05:29:24,77.484,-69.3632,37.36,99,100,0.65,overcast clouds,0.0,0.0
89,Deep River,CA,2022-07-24 05:31:45,46.1001,-77.4995,63.88,94,96,3.58,overcast clouds,0.0,0.0
90,Ulaangom,MN,2022-07-24 05:29:48,49.9811,92.0667,70.88,38,88,5.75,overcast clouds,0.0,0.0
91,Hobart,AU,2022-07-24 05:29:37,-42.8794,147.3294,59.25,76,75,5.75,broken clouds,0.0,0.0
92,Shache,CN,2022-07-24 05:31:46,38.4167,77.2406,103.14,6,6,4.05,clear sky,0.0,0.0
93,Tel Aviv-Yafo,IL,2022-07-24 05:31:46,32.0805,34.7805,80.78,77,40,9.22,scattered clouds,0.0,0.0
94,Lebu,CL,2022-07-24 05:29:53,-37.6167,-73.65,51.57,92,100,2.15,overcast clouds,0.0,0.0
95,Esil,KZ,2022-07-24 05:31:47,51.9556,66.4042,76.55,34,21,10.18,few clouds,0.0,0.0
96,Boguchany,RU,2022-07-24 05:31:47,58.3814,97.4531,73.15,35,22,5.91,few clouds,0.0,0.0
97,North Platte,US,2022-07-24 05:31:47,41.1239,-100.7654,76.53,46,88,10.49,overcast clouds,0.0,0.0
98,Avera,US,2022-07-24 05:31:48,33.194,-82.5271,78.31,82,29,6.91,scattered clouds,0.0,0.0
99,Yulara,AU,2022-07-24 05:31:48,-25.2406,130.9889,82.24,18,0,18.41,clear sky,0.0,0.0
100,Lusambo,CD,2022-07-24 05:31:48,-4.9667,23.45,74.68,64,75,0.45,broken clouds,0.0,0.0
101,Zyryanka,RU,2022-07-24 05:31:49,65.75,150.85,75.94,25,0,6.11,clear sky,0.0,0.0
102,Zhigansk,RU,2022-07-24 05:31:49,66.7697,123.3711,64.96,59,33,9.75,scattered clouds,0.0,0.0
103,Ukiah,US,2022-07-24 05:30:20,39.1502,-123.2078,78.69,40,0,0.0,clear sky,0.0,0.0
104,Provideniya,RU,2022-07-24 05:30:35,64.3833,-173.3,44.37,86,100,5.93,overcast clouds,0.0,0.0
105,Ribeira Grande,PT,2022-07-24 05:31:50,38.5167,-28.7,73.29,89,14,6.44,light rain,0.0,0.0
106,Pevek,RU,2022-07-24 05:30:18,69.7008,170.3133,38.3,80,93,8.9,overcast clouds,0.0,0.0
107,Iqaluit,CA,2022-07-24 05:29:44,63.7506,-68.5145,46.13,93,100,2.3,overcast clouds,0.0,0.0
108,Atbasar,KZ,2022-07-24 05:31:51,51.8,68.3333,74.53,34,7,10.65,clear sky,0.0,0.0
109,Gatton,AU,2022-07-24 05:31:51,-27.55,152.2833,70.74,64,3,4.65,clear sky,0.0,0.0
110,Juneau,US,2022-07-24 05:31:52,58.3019,-134.4197,56.21,97,100,9.22,light rain,0.0,0.0
111,Bodden Town,KY,2022-07-24 05:31:52,19.2833,-81.25,82.92,85,99,8.9,overcast clouds,0.0,0.0
112,Bhatkal,IN,2022-07-24 05:31:52,13.9667,74.5667,80.6,79,89,11.65,overcast clouds,0.0,0.0
113,At-Bashi,KG,2022-07-24 05:31:53,41.1702,75.8106,82.98,20,41,5.46,scattered clouds,0.0,0.0
114,Campos Belos,BR,2022-07-24 05:31:53,-13.0367,-46.7717,64.98,52,31,3.91,scattered clouds,0.0,0.0
115,Victoria,HK,2022-07-24 05:27:28,22.2855,114.1577,95.38,62,0,4.0,clear sky,0.0,0.0
116,Klyuchi,RU,2022-07-24 05:31:54,52.2667,79.1667,61.16,66,95,10.69,light rain,0.0,0.0
117,Cidreira,BR,2022-07-24 05:31:11,-30.1811,-50.2056,61.36,98,100,6.33,overcast clouds,0.0,0.0
118,Butaritari,KI,2022-07-24 05:29:26,3.0707,172.7902,82.26,76,67,16.6,light rain,0.0,0.0
119,Saint-Philippe,RE,2022-07-24 05:29:21,-21.3585,55.7679,74.21,81,70,11.27,light rain,0.0,0.0
120,Cabo San Lucas,MX,2022-07-24 05:29:31,22.8909,-109.9124,80.51,84,81,4.52,broken clouds,0.0,0.0
121,Nikolskoye,RU,2022-07-24 05:29:28,59.7035,30.7861,66.79,91,99,4.83,overcast clouds,0.0,0.0
122,Qorveh,IR,2022-07-24 05:31:55,35.1664,47.8045,75.18,30,0,5.73,clear sky,0.0,0.0
123,Kidal,ML,2022-07-24 05:31:55,18.4411,1.4078,77.47,57,98,20.42,overcast clouds,0.0,0.0
124,Souillac,MU,2022-07-24 05:30:43,-20.5167,57.5167,73.78,68,40,12.66,scattered clouds,0.0,0.0
125,Koindu,GN,2022-07-24 05:31:56,8.4386,-10.3253,68.63,99,100,4.23,light rain,0.0,0.0
126,Atambua,ID,2022-07-24 05:31:01,-9.1061,124.8925,79.43,50,33,1.16,scattered clouds,0.0,0.0
127,Falavarjan,IR,2022-07-24 05:31:56,32.5553,51.5097,91.51,10,0,1.1,clear sky,0.0,0.0
128,Dikson,RU,2022-07-24 05:29:42,73.5069,80.5464,51.01,70,100,15.7,overcast clouds,0.0,0.0
129,Dothan,US,2022-07-24 05:27:13,31.2232,-85.3905,76.19,95,0,1.01,clear sky,0.0,0.0
130,Kasongo-Lunda,CD,2022-07-24 05:31:57,-6.4667,16.8167,74.23,74,95,1.05,overcast clouds,0.0,0.0
131,Radomsko,PL,2022-07-24 05:31:27,51.0671,19.4448,62.51,79,73,8.79,broken clouds,0.0,0.0
132,Oranjemund,NA,2022-07-24 05:31:58,-28.55,16.4333,51.49,59,0,8.9,clear sky,0.0,0.0
133,Tokur,RU,2022-07-24 05:31:58,53.1333,132.9,82.13,33,18,0.81,few clouds,0.0,0.0
134,Port Alfred,ZA,2022-07-24 05:29:39,-33.5906,26.891,56.84,73,77,20.24,light rain,0.0,0.0
135,Hilo,US,2022-07-24 05:26:23,19.7297,-155.09,75.15,79,94,1.9,overcast clouds,0.0,0.0
136,Hue,VN,2022-07-24 05:29:51,16.4667,107.6,89.71,66,20,9.22,few clouds,0.0,0.0
137,Henties Bay,NA,2022-07-24 05:31:59,-22.116,14.2845,54.16,93,1,5.37,clear sky,0.0,0.0
138,Kharar,IN,2022-07-24 05:32:00,30.7444,76.6478,93.85,47,93,10.25,overcast clouds,0.0,0.0
139,Manacapuru,BR,2022-07-24 05:30:40,-3.2997,-60.6206,75.76,77,83,2.84,broken clouds,0.0,0.0
140,Aksarka,RU,2022-07-24 05:32:00,66.5606,67.7975,62.94,51,100,11.05,overcast clouds,0.0,0.0
141,Bethel,US,2022-07-24 05:30:15,41.3712,-73.414,77.36,82,0,3.44,clear sky,0.0,0.0
142,Ambilobe,MG,2022-07-24 05:32:01,-13.2,49.05,78.73,46,13,5.28,few clouds,0.0,0.0
143,Hongjiang,CN,2022-07-24 05:32:01,27.11,109.9956,97.25,42,0,6.46,clear sky,0.0,0.0
144,Vila Velha,BR,2022-07-24 05:29:58,-20.3297,-40.2925,67.95,92,40,0.0,scattered clouds,0.0,0.0
145,Rokycany,CZ,2022-07-24 05:32:02,49.7427,13.5946,65.95,100,43,1.99,scattered clouds,0.0,0.0
146,Ribas Do Rio Pardo,BR,2022-07-24 05:32:02,-20.4431,-53.7592,68.14,46,100,3.13,overcast clouds,0.0,0.0
147,Teguldet,RU,2022-07-24 05:32:03,57.3064,88.1667,57.07,94,100,7.05,light rain,0.0,0.0
148,Auki,SB,2022-07-24 05:32:03,-8.7676,160.7034,82.42,74,24,3.24,few clouds,0.0,0.0
149,Luderitz,NA,2022-07-24 05:30:08,-26.6481,15.1594,57.81,57,0,12.06,clear sky,0.0,0.0
150,Batagay-Alyta,RU,2022-07-24 05:32:04,67.8006,130.4114,59.22,79,99,8.05,overcast clouds,0.0,0.0
151,Piove Di Sacco,IT,2022-07-24 05:32:04,45.2977,12.0368,76.69,62,7,8.66,clear sky,0.0,0.0
152,Riohacha,CO,2022-07-24 05:32:04,11.5444,-72.9072,74.88,87,0,7.25,clear sky,0.0,0.0
153,Chuy,UY,2022-07-24 05:29:59,-33.6971,-53.4616,57.9,98,100,6.22,overcast clouds,0.0,0.0
154,Xai-Xai,MZ,2022-07-24 05:32:05,-25.0519,33.6442,66.7,61,1,8.32,clear sky,0.0,0.0
155,Kazlu Ruda,LT,2022-07-24 05:32:05,54.7667,23.5,61.57,85,74,11.41,broken clouds,0.0,0.0
156,Sekoma,BW,2022-07-24 05:32:06,-24.4,23.8833,56.86,53,13,1.57,few clouds,0.0,0.0
157,Acarau,BR,2022-07-24 05:32:06,-2.8856,-40.12,78.33,82,41,15.88,scattered clouds,0.0,0.0
158,Aykhal,RU,2022-07-24 05:32:07,66.0,111.5,76.5,48,58,24.96,broken clouds,0.0,0.0
159,Ilulissat,GL,2022-07-24 05:29:35,69.2167,-51.1,38.62,98,100,1.86,overcast clouds,0.0,0.0
160,Pangai,TO,2022-07-24 05:32:07,-19.8,-174.35,74.55,65,96,22.15,overcast clouds,0.0,0.0
161,Ostrovnoy,RU,2022-07-24 05:32:08,68.0531,39.5131,53.26,82,96,11.83,overcast clouds,0.0,0.0
162,Bengkulu,ID,2022-07-24 05:30:10,-3.8004,102.2655,84.38,67,100,4.63,overcast clouds,0.0,0.0
163,Mount Gambier,AU,2022-07-24 05:32:08,-37.8333,140.7667,60.94,69,66,7.99,broken clouds,0.0,0.0
164,Mapiripan,CO,2022-07-24 05:32:09,2.8892,-72.1256,71.67,97,96,1.45,overcast clouds,0.0,0.0
165,Kieta,PG,2022-07-24 05:32:09,-6.2167,155.6333,84.13,73,19,7.43,few clouds,0.0,0.0
166,Puerto Maldonado,PE,2022-07-24 05:32:10,-12.6,-69.1833,76.73,69,87,1.59,overcast clouds,0.0,0.0
167,Port Lincoln,AU,2022-07-24 05:30:27,-34.7333,135.8667,60.49,64,98,8.41,light rain,0.0,0.0
168,Moctezuma,MX,2022-07-24 05:32:10,29.8,-109.6667,72.01,86,100,3.24,overcast clouds,0.0,0.0
169,Faanui,PF,2022-07-24 05:30:21,-16.4833,-151.75,79.36,73,8,11.03,clear sky,0.0,0.0
170,Kavaratti,IN,2022-07-24 05:32:11,10.5669,72.642,81.36,76,98,16.28,overcast clouds,0.0,0.0
171,East London,ZA,2022-07-24 05:30:08,-33.0153,27.9116,52.74,71,0,14.97,clear sky,0.0,0.0
172,Vestmannaeyjar,IS,2022-07-24 05:32:11,63.4427,-20.2734,52.79,86,86,1.48,overcast clouds,0.0,0.0
173,Camapua,BR,2022-07-24 05:32:12,-19.5314,-54.0439,71.31,41,100,5.21,overcast clouds,0.0,0.0
174,Poum,NC,2022-07-24 05:30:52,-20.2333,164.0167,74.48,71,69,9.57,broken clouds,0.0,0.0
175,Paramonga,PE,2022-07-24 05:32:12,-10.6667,-77.8333,60.53,91,45,6.17,scattered clouds,0.0,0.0
176,Ardakan,IR,2022-07-24 05:32:13,32.31,54.0175,99.41,8,0,5.66,clear sky,0.0,0.0
177,Ahuimanu,US,2022-07-24 05:32:13,21.4447,-157.8378,76.24,72,10,14.63,clear sky,0.0,0.0
178,Port-Cartier,CA,2022-07-24 05:32:14,50.0334,-66.8654,57.74,95,83,4.94,broken clouds,0.0,0.0
179,Warri,NG,2022-07-24 05:32:14,5.5167,5.75,73.0,88,96,2.95,overcast clouds,0.0,0.0
180,Saskylakh,RU,2022-07-24 05:29:59,71.9167,114.0833,67.96,53,16,3.38,few clouds,0.0,0.0
181,Ryotsu,JP,2022-07-24 05:32:15,38.0833,138.4333,77.23,76,77,5.95,broken clouds,0.0,0.0
182,Russell,US,2022-07-24 05:29:29,32.3502,-85.1999,78.4,100,40,0.0,scattered clouds,0.0,0.0
183,Yar-Sale,RU,2022-07-24 05:29:52,66.8333,70.8333,47.68,88,100,20.22,light rain,0.0,0.0
184,Flinders,AU,2022-07-24 05:30:18,-34.5833,150.8552,68.18,68,5,4.0,clear sky,0.0,0.0
185,Tenenkou,ML,2022-07-24 05:32:16,14.4572,-4.9169,76.62,70,100,7.0,light rain,0.0,0.0
186,Kayerkan,RU,2022-07-24 05:32:16,69.3497,87.7602,73.53,56,100,6.35,overcast clouds,0.0,0.0
187,Port Blair,IN,2022-07-24 05:31:06,11.6667,92.75,84.76,72,95,7.31,overcast clouds,0.0,0.0
188,Alice Springs,AU,2022-07-24 05:28:30,-23.7,133.8833,80.06,15,0,13.04,clear sky,0.0,0.0
189,Bubaque,GW,2022-07-24 05:32:17,11.2833,-15.8333,78.73,81,100,9.01,moderate rain,0.0,0.0
190,Namibe,AO,2022-07-24 05:29:51,-15.1961,12.1522,61.92,90,1,1.95,clear sky,0.0,0.0
191,Lata,PT,2022-07-24 05:30:03,40.1629,-8.3327,58.35,77,0,1.52,clear sky,0.0,0.0
192,Muros,ES,2022-07-24 05:30:04,42.7762,-9.0603,62.58,83,4,4.23,clear sky,0.0,0.0
193,Amapa,BR,2022-07-24 05:32:18,1.0,-52.0,69.98,99,59,2.01,broken clouds,0.0,0.0
194,Male,MV,2022-07-24 05:30:51,4.1748,73.5089,82.49,75,96,12.26,overcast clouds,0.0,0.0
195,Kruisfontein,ZA,2022-07-24 05:30:13,-34.0033,24.7314,48.88,84,79,7.58,light rain,0.0,0.0
196,Georgetown,MY,2022-07-24 05:29:49,5.4112,100.3354,87.73,76,20,8.05,few clouds,0.0,0.0
197,Holoby,UA,2022-07-24 05:32:19,51.0865,25.0077,68.05,84,100,10.31,overcast clouds,0.0,0.0
198,Plettenberg Bay,ZA,2022-07-24 05:31:07,-34.0527,23.3716,52.72,79,97,6.49,light rain,0.0,0.0
199,Takoradi,GH,2022-07-24 05:29:43,4.8845,-1.7554,73.65,88,39,6.78,scattered clouds,0.0,0.0
200,Clyde River,CA,2022-07-24 05:29:49,70.4692,-68.5914,43.03,87,100,4.61,overcast clouds,0.0,0.0
201,Jasper,US,2022-07-24 05:28:32,37.2001,-94.3502,87.85,50,0,12.66,clear sky,0.0,0.0
202,Kloulklubed,PW,2022-07-24 05:30:11,7.0419,134.2556,75.7,75,100,8.75,heavy intensity rain,0.0,0.0
203,Oxford,GB,2022-07-24 05:32:12,51.7522,-1.256,65.05,87,100,13.8,overcast clouds,0.0,0.0
204,Kazanskaya,RU,2022-07-24 05:32:20,45.4106,40.4361,73.9,51,26,9.95,scattered clouds,0.0,0.0
205,Deputatskiy,RU,2022-07-24 05:30:48,69.3,139.9,65.53,42,34,13.56,scattered clouds,0.0,0.0
206,Prince Albert,CA,2022-07-24 05:32:21,53.2001,-105.7677,58.95,82,75,2.3,broken clouds,0.0,0.0
207,Altay,CN,2022-07-24 05:29:29,47.8667,88.1167,76.6,23,30,9.13,scattered clouds,0.0,0.0
208,Revda,RU,2022-07-24 05:32:22,56.801,59.9303,76.14,50,18,8.52,few clouds,0.0,0.0
209,Padre Bernardo,BR,2022-07-24 05:32:22,-15.35,-48.5,62.31,56,1,3.44,clear sky,0.0,0.0
210,Nabire,ID,2022-07-24 05:32:22,-3.3667,135.4833,82.13,81,75,1.7,broken clouds,0.0,0.0
211,Sorland,NO,2022-07-24 05:29:15,67.667,12.6934,51.66,73,86,9.46,overcast clouds,0.0,0.0
212,Birao,CF,2022-07-24 05:32:23,10.2849,22.7882,75.67,83,100,5.08,overcast clouds,0.0,0.0
213,Lamu,KE,2022-07-24 05:32:23,-2.2717,40.902,77.22,69,71,17.83,broken clouds,0.0,0.0
214,Alta Floresta,BR,2022-07-24 05:32:24,-9.8756,-56.0861,68.65,51,13,2.46,few clouds,0.0,0.0
215,Te Anau,NZ,2022-07-24 05:32:24,-45.4167,167.7167,40.42,92,16,2.19,few clouds,0.0,0.0
216,Pacific Grove,US,2022-07-24 05:30:33,36.6177,-121.9166,55.51,92,100,8.05,overcast clouds,0.0,0.0
217,Upernavik,GL,2022-07-24 05:29:23,72.7868,-56.1549,42.33,97,100,2.28,overcast clouds,0.0,0.0
218,Pavlodar,KZ,2022-07-24 05:32:25,52.3,76.95,67.8,52,40,22.37,scattered clouds,0.0,0.0
219,Kavieng,PG,2022-07-24 05:32:25,-2.5744,150.7967,84.94,70,27,12.41,light rain,0.0,0.0
220,Novyy Urgal,RU,2022-07-24 05:32:26,51.0736,132.5642,80.44,46,0,2.13,clear sky,0.0,0.0
221,Port Macquarie,AU,2022-07-24 05:32:26,-31.4333,152.9167,63.9,71,65,8.28,broken clouds,0.0,0.0
222,Klaksvik,FO,2022-07-24 05:31:12,62.2266,-6.589,50.54,91,99,24.92,overcast clouds,0.0,0.0
223,Hovd,MN,2022-07-24 05:30:01,48.0056,91.6419,74.55,26,32,9.95,scattered clouds,0.0,0.0
224,Furth Im Wald,DE,2022-07-24 05:32:27,49.3097,12.84,65.26,85,23,2.01,few clouds,0.0,0.0
225,Maracaibo,VE,2022-07-24 05:31:54,10.6317,-71.6406,79.29,78,1,12.21,clear sky,0.0,0.0
226,Bull Savanna,JM,2022-07-24 05:32:27,17.8868,-77.5902,75.27,86,81,4.45,broken clouds,0.0,0.0
227,Avarua,CK,2022-07-24 05:29:16,-21.2078,-159.775,69.85,56,20,4.61,few clouds,0.0,0.0
228,Mitsamiouli,KM,2022-07-24 05:31:03,-11.3847,43.2844,77.29,69,20,6.91,few clouds,0.0,0.0
229,Vostok,RU,2022-07-24 05:32:28,46.4856,135.8833,66.78,87,92,3.38,overcast clouds,0.0,0.0
230,Longyearbyen,SJ,2022-07-24 05:29:45,78.2186,15.6401,46.24,93,75,6.91,mist,0.0,0.0
231,North Mankato,US,2022-07-24 05:32:29,44.1733,-94.0339,72.14,95,100,5.75,overcast clouds,0.0,0.0
232,Tuatapere,NZ,2022-07-24 05:30:23,-46.1333,167.6833,43.21,92,26,2.33,scattered clouds,0.0,0.0
233,Arraial Do Cabo,BR,2022-07-24 05:30:07,-22.9661,-42.0278,70.47,88,14,22.15,few clouds,0.0,0.0
234,Airai,TL,2022-07-24 05:30:10,-8.9266,125.4092,69.33,50,29,3.53,scattered clouds,0.0,0.0
235,Nioro,GM,2022-07-24 05:30:33,13.35,-15.75,75.2,92,93,2.06,light rain,0.0,0.0
236,Kosh-Agach,RU,2022-07-24 05:32:30,50.0,88.6667,64.6,33,72,1.48,broken clouds,0.0,0.0
237,Tecolutla,MX,2022-07-24 05:32:30,20.4833,-97.0167,82.53,80,80,18.72,broken clouds,0.0,0.0
238,Casale Monferrato,IT,2022-07-24 05:32:31,45.1334,8.4571,80.53,82,6,1.25,clear sky,0.0,0.0
239,Talas,TR,2022-07-24 05:32:31,38.6908,35.5538,64.45,42,0,4.81,clear sky,0.0,0.0
240,Bambous Virieux,MU,2022-07-24 05:29:30,-20.3428,57.7575,73.65,68,40,12.66,scattered clouds,0.0,0.0
241,Moree,AU,2022-07-24 05:32:32,-29.4667,149.85,67.6,43,1,2.42,clear sky,0.0,0.0
242,Kijang,KR,2022-07-24 05:32:32,35.2442,129.2139,85.73,79,100,15.55,overcast clouds,0.0,0.0
243,Formosa,AR,2022-07-24 05:31:01,-26.1775,-58.1781,69.67,69,83,6.35,broken clouds,0.0,0.0
244,Agadez,NE,2022-07-24 05:32:33,19.75,10.25,87.22,20,53,11.07,broken clouds,0.0,0.0
245,Polovinnoye,RU,2022-07-24 05:32:33,54.7914,65.9864,71.76,51,73,8.25,broken clouds,0.0,0.0
246,Fram,PY,2022-07-24 05:32:34,-26.9833,-55.8833,70.39,76,100,5.53,overcast clouds,0.0,0.0
247,Port Hardy,CA,2022-07-24 05:30:34,50.6996,-127.4199,55.58,88,40,0.0,scattered clouds,0.0,0.0
248,Codrington,AU,2022-07-24 05:30:56,-38.2667,141.9667,61.74,72,41,9.42,scattered clouds,0.0,0.0
249,Tuktoyaktuk,CA,2022-07-24 05:29:20,69.4541,-133.0374,44.6,93,100,11.5,light rain,0.0,0.0
250,El Alto,PE,2022-07-24 05:32:34,-4.2714,-81.2147,63.81,79,32,14.56,scattered clouds,0.0,0.0
251,Namatanai,PG,2022-07-24 05:32:35,-3.6667,152.4333,83.05,76,73,9.98,light rain,0.0,0.0
252,Bam,IR,2022-07-24 05:32:35,29.106,58.357,102.67,9,60,10.74,broken clouds,0.0,0.0
253,Hobyo,SO,2022-07-24 05:32:36,5.3505,48.5268,80.58,65,69,24.7,broken clouds,0.0,0.0
254,Bolshaya Dzhalga,RU,2022-07-24 05:32:36,45.9695,42.6966,73.18,51,75,13.73,broken clouds,0.0,0.0
255,General Roca,AR,2022-07-24 05:32:36,-39.0333,-67.5833,48.61,63,100,5.44,overcast clouds,0.0,0.0
256,Ahipara,NZ,2022-07-24 05:32:37,-35.1667,173.1667,57.49,92,100,20.85,overcast clouds,0.0,0.0
257,Kaeo,NZ,2022-07-24 05:32:37,-35.1,173.7833,57.33,94,100,21.0,light rain,0.0,0.0
258,Padang,ID,2022-07-24 05:30:48,-0.9492,100.3543,78.85,75,67,5.79,light rain,0.0,0.0
259,Yerbogachen,RU,2022-07-24 05:31:12,61.2767,108.0108,78.44,51,58,8.1,broken clouds,0.0,0.0
260,Palimbang,PH,2022-07-24 05:32:38,6.2106,124.1894,85.69,66,32,5.59,light rain,0.0,0.0
261,Falmouth,GB,2022-07-24 05:32:38,50.1544,-5.0711,68.67,98,100,12.66,overcast clouds,0.0,0.0
262,Veraval,IN,2022-07-24 05:32:39,20.9,70.3667,83.17,76,100,19.01,overcast clouds,0.0,0.0
263,Constitucion,CL,2022-07-24 05:30:06,-35.3333,-72.4167,53.29,89,100,4.21,overcast clouds,0.0,0.0
264,Bagnols-Sur-Ceze,FR,2022-07-24 05:32:39,44.1599,4.6178,75.94,58,0,17.27,clear sky,0.0,0.0
265,Isabela,PH,2022-07-24 05:32:39,6.7085,121.9711,87.85,79,57,2.04,broken clouds,0.0,0.0
266,Andover,GB,2022-07-24 05:32:40,51.2083,-1.4825,64.56,87,100,15.01,overcast clouds,0.0,0.0
267,Coahuayana,MX,2022-07-24 05:30:25,18.7333,-103.6833,76.21,89,53,3.69,broken clouds,0.0,0.0
268,Udarnyy,RU,2022-07-24 05:32:40,54.3409,42.8611,74.59,60,15,4.54,few clouds,0.0,0.0
269,Merrill,US,2022-07-24 05:32:08,45.1805,-89.6835,67.89,98,75,0.0,broken clouds,0.0,0.0
270,Gushikawa,JP,2022-07-24 05:32:41,26.3544,127.8686,87.66,70,27,7.61,scattered clouds,0.0,0.0
271,Churapcha,RU,2022-07-24 05:29:27,62.0025,132.4325,81.95,37,5,6.13,clear sky,0.0,0.0
272,Limbang,MY,2022-07-24 05:32:41,4.75,115.0,85.55,77,78,2.82,broken clouds,0.0,0.0
273,Steamboat Springs,US,2022-07-24 05:28:26,40.485,-106.8317,59.2,79,88,5.46,overcast clouds,0.0,0.0
274,Krasnoborsk,RU,2022-07-24 05:32:42,61.5598,45.934,74.44,57,76,7.72,broken clouds,0.0,0.0
275,Chatakonda,IN,2022-07-24 05:32:42,17.55,80.65,79.92,86,100,9.69,overcast clouds,0.0,0.0
276,Egvekinot,RU,2022-07-24 05:32:43,66.3167,-179.1667,42.31,71,100,8.16,overcast clouds,0.0,0.0
277,Guerrero Negro,MX,2022-07-24 05:31:04,27.9769,-114.0611,67.37,80,67,12.28,broken clouds,0.0,0.0
278,Beberibe,BR,2022-07-24 05:32:43,-4.1797,-38.1306,74.03,85,57,9.89,broken clouds,0.0,0.0
279,Vallenar,CL,2022-07-24 05:32:44,-28.5708,-70.7581,55.58,81,1,1.23,clear sky,0.0,0.0
280,Carnarvon,AU,2022-07-24 05:29:30,-24.8667,113.6333,66.65,43,12,16.6,few clouds,0.0,0.0
281,Anadyr,RU,2022-07-24 05:30:57,64.75,177.4833,52.3,71,0,13.42,clear sky,0.0,0.0
282,Tuy Hoa,VN,2022-07-24 05:28:54,13.0833,109.3,87.98,61,54,7.45,broken clouds,0.0,0.0
283,Upington,ZA,2022-07-24 05:31:56,-28.4478,21.2561,41.38,75,0,5.75,clear sky,0.0,0.0
284,Beidao,CN,2022-07-24 05:32:45,34.5686,105.8933,86.92,41,8,12.91,clear sky,0.0,0.0
285,Esperance,AU,2022-07-24 05:30:03,-33.8667,121.9,56.46,57,86,21.09,overcast clouds,0.0,0.0
286,Nhulunbuy,AU,2022-07-24 05:32:46,-12.2333,136.7667,83.01,61,91,10.36,overcast clouds,0.0,0.0
287,Hun,LY,2022-07-24 05:32:46,29.1268,15.9477,76.57,50,0,5.03,clear sky,0.0,0.0
288,Lompoc,US,2022-07-24 05:29:17,34.6391,-120.4579,57.52,88,100,14.0,overcast clouds,0.0,0.0
289,Puerto Cabello,VE,2022-07-24 05:32:47,10.4731,-68.0125,76.95,87,30,8.61,scattered clouds,0.0,0.0
290,Hirara,JP,2022-07-24 05:32:47,24.8,125.2833,91.67,62,40,9.22,scattered clouds,0.0,0.0
291,Kabalo,CD,2022-07-24 05:32:47,-6.05,26.9167,79.57,40,15,4.5,few clouds,0.0,0.0
292,Katsuura,JP,2022-07-24 05:30:24,35.1333,140.3,81.19,77,99,14.63,overcast clouds,0.0,0.0
293,Labytnangi,RU,2022-07-24 05:32:48,66.6572,66.4183,62.47,54,65,14.27,broken clouds,0.0,0.0
294,Laguna,US,2022-07-24 05:30:13,38.421,-121.4238,81.32,47,0,6.91,clear sky,0.0,0.0
295,Kirakira,SB,2022-07-24 05:32:48,-10.4544,161.9205,82.71,78,15,8.66,few clouds,0.0,0.0
296,Lorengau,PG,2022-07-24 05:29:54,-2.0226,147.2712,85.12,71,55,9.91,broken clouds,0.0,0.0
297,Talnakh,RU,2022-07-24 05:32:49,69.4865,88.3972,71.58,56,100,2.64,overcast clouds,0.0,0.0
298,Roebourne,AU,2022-07-24 05:31:04,-20.7833,117.1333,77.07,24,0,5.53,clear sky,0.0,0.0
299,Villa Bruzual,VE,2022-07-24 05:32:49,9.3328,-69.1208,70.93,95,1,3.8,clear sky,0.0,0.0
300,Gaozhou,CN,2022-07-24 05:32:50,21.9392,110.8461,93.88,51,1,4.9,clear sky,0.0,0.0
301,Obo,CF,2022-07-24 05:32:50,5.3998,26.4869,69.51,95,91,2.46,light rain,0.0,0.0
302,Freeport,US,2022-07-24 05:32:51,40.6576,-73.5832,85.37,76,0,9.22,clear sky,0.0,0.0
303,Springdale,US,2022-07-24 05:32:51,36.1867,-94.1288,79.14,55,4,9.04,clear sky,0.0,0.0
304,Ubeda,ES,2022-07-24 05:32:52,38.0133,-3.3705,76.59,24,0,0.31,clear sky,0.0,0.0
305,Palmer,US,2022-07-24 05:29:25,42.1584,-72.3287,76.48,77,0,4.61,clear sky,0.0,0.0
306,Nanortalik,GL,2022-07-24 05:29:46,60.1432,-45.2371,43.47,91,100,7.99,overcast clouds,0.0,0.0
307,Ygatimi,PY,2022-07-24 05:32:52,-24.0833,-55.5,71.06,52,90,5.21,overcast clouds,0.0,0.0
308,Sorong,ID,2022-07-24 05:32:53,-0.8833,131.25,83.77,74,68,7.29,broken clouds,0.0,0.0
309,Gat,IL,2022-07-24 05:30:01,31.61,34.7642,81.39,100,2,4.12,clear sky,0.0,0.0
310,Challapata,BO,2022-07-24 05:32:53,-18.9,-66.7667,39.85,33,0,1.39,clear sky,0.0,0.0
311,Tautira,PF,2022-07-24 05:32:54,-17.7333,-149.15,79.93,73,2,15.68,light rain,0.0,0.0
312,Rafaela,AR,2022-07-24 05:32:54,-31.2503,-61.4867,62.01,68,0,4.65,clear sky,0.0,0.0
313,Tigzirt,DZ,2022-07-24 05:32:55,36.8886,4.1198,82.4,44,0,3.22,clear sky,0.0,0.0
314,Matehuala,MX,2022-07-24 05:32:55,23.65,-100.65,66.02,80,51,12.15,broken clouds,0.0,0.0
315,Kruszwica,PL,2022-07-24 05:32:56,52.6756,18.3313,61.14,100,0,11.05,clear sky,0.0,0.0
316,Stein,DE,2022-07-24 05:32:56,49.4167,11.0167,68.29,62,8,1.9,clear sky,0.0,0.0
317,Leningradskiy,RU,2022-07-24 05:30:37,69.3833,178.4167,35.85,88,100,3.2,overcast clouds,0.0,0.0
318,Naze,JP,2022-07-24 05:32:56,28.3667,129.4833,85.12,73,100,4.45,overcast clouds,0.0,0.0
319,Alta Gracia,AR,2022-07-24 05:32:57,-31.6529,-64.4283,62.71,79,32,1.23,scattered clouds,0.0,0.0
320,Buenos Aires,AR,2022-07-24 05:32:04,-34.6132,-58.3772,60.01,99,100,6.91,fog,0.0,0.0
321,Jijiga,ET,2022-07-24 05:32:58,9.35,42.8,66.18,63,64,22.86,broken clouds,0.0,0.0
322,Majene,ID,2022-07-24 05:30:05,-3.5403,118.9707,85.23,64,32,11.07,scattered clouds,0.0,0.0
323,Kenai,US,2022-07-24 05:32:58,60.5544,-151.2583,57.29,65,100,10.36,overcast clouds,0.0,0.0
324,Tamworth,GB,2022-07-24 05:32:59,52.634,-1.6959,63.81,90,100,13.87,overcast clouds,0.0,0.0
325,Caravelas,BR,2022-07-24 05:32:59,-17.7125,-39.2481,67.93,79,4,3.56,clear sky,0.0,0.0
326,Xichang,CN,2022-07-24 05:33:00,27.8964,102.2634,80.67,59,88,3.33,overcast clouds,0.0,0.0
327,Coihaique,CL,2022-07-24 05:31:16,-45.5752,-72.0662,28.35,93,100,3.44,overcast clouds,0.0,0.0
328,Oga,IT,2022-07-24 05:33:00,46.4631,10.347,59.68,82,22,2.98,few clouds,0.0,0.0
329,Nhamunda,BR,2022-07-24 05:33:01,-2.1861,-56.7131,72.28,78,15,0.56,few clouds,0.0,0.0
330,Hambantota,LK,2022-07-24 05:33:01,6.1241,81.1185,86.34,74,75,11.5,broken clouds,0.0,0.0
331,Shelburne,CA,2022-07-24 05:33:01,44.0787,-80.2041,70.59,78,47,11.63,scattered clouds,0.0,0.0
332,Torbay,CA,2022-07-24 05:30:31,47.6666,-52.7314,67.57,88,0,14.97,clear sky,0.0,0.0
333,Atar,MR,2022-07-24 05:33:02,20.5169,-13.0499,82.98,61,100,5.46,overcast clouds,0.0,0.0
334,Cape Canaveral,US,2022-07-24 05:33:02,28.4058,-80.6048,83.07,84,0,3.44,clear sky,0.0,0.0
335,Bhadrachalam,IN,2022-07-24 05:28:46,17.6667,80.8833,80.78,86,100,7.74,overcast clouds,0.0,0.0
336,Stonewall,CA,2022-07-24 05:33:03,50.1344,-97.3268,64.08,92,34,10.65,scattered clouds,0.0,0.0
337,El Tigre,VE,2022-07-24 05:33:03,8.8875,-64.2454,73.45,84,20,9.78,few clouds,0.0,0.0
338,Karpathos,GR,2022-07-24 05:33:04,35.507,27.2132,76.96,73,0,21.85,clear sky,0.0,0.0
339,Maltahohe,NA,2022-07-24 05:33:04,-24.8333,16.9833,47.59,48,60,18.43,broken clouds,0.0,0.0
340,Banda Aceh,ID,2022-07-24 05:33:05,5.5577,95.3222,85.21,70,99,10.58,overcast clouds,0.0,0.0
341,Eenhana,NA,2022-07-24 05:33:05,-17.4667,16.3333,55.26,46,0,5.86,clear sky,0.0,0.0
342,Razole,IN,2022-07-24 05:33:05,16.4833,81.8333,83.08,72,100,8.55,moderate rain,0.0,0.0
343,Garhi Khairo,PK,2022-07-24 05:33:06,28.0606,67.9803,81.73,84,100,9.57,overcast clouds,0.0,0.0
344,Kibre Mengist,ET,2022-07-24 05:33:06,5.8833,38.9833,63.52,69,98,5.08,overcast clouds,0.0,0.0
345,Assai,BR,2022-07-24 05:33:06,-23.3733,-50.8414,62.46,64,74,3.96,broken clouds,0.0,0.0
346,Trairi,BR,2022-07-24 05:29:02,-3.2778,-39.2689,76.37,87,17,12.24,few clouds,0.0,0.0
347,Kushiro,JP,2022-07-24 05:33:07,42.975,144.3747,69.93,86,82,6.11,broken clouds,0.0,0.0
348,Tiksi,RU,2022-07-24 05:29:19,71.6872,128.8694,47.39,74,49,7.54,scattered clouds,0.0,0.0
349,Balaipungut,ID,2022-07-24 05:33:08,1.05,101.2833,86.16,71,100,1.9,overcast clouds,0.0,0.0
350,La Peca,PE,2022-07-24 05:33:08,-5.6111,-78.435,65.82,92,26,2.04,light rain,0.0,0.0
351,Miyako,JP,2022-07-24 05:33:08,39.6367,141.9525,76.21,80,100,4.38,overcast clouds,0.0,0.0
352,Zatoka,UA,2022-07-24 05:33:09,46.0725,30.4654,76.35,53,0,5.59,clear sky,0.0,0.0
353,Vardo,NO,2022-07-24 05:33:09,70.3705,31.1107,51.78,82,75,17.27,broken clouds,0.0,0.0
354,Ucluelet,CA,2022-07-24 05:30:37,48.9329,-125.5528,58.08,88,21,3.31,few clouds,0.0,0.0
355,Kalemie,CD,2022-07-24 05:33:10,-5.9475,29.1947,75.99,58,6,7.11,clear sky,0.0,0.0
356,Ipero,BR,2022-07-24 05:33:10,-23.3503,-47.6886,59.18,65,36,2.59,scattered clouds,0.0,0.0
357,Mumford,GH,2022-07-24 05:33:10,5.2618,-0.759,74.01,89,94,7.27,light rain,0.0,0.0
358,Kaitangata,NZ,2022-07-24 05:29:45,-46.2817,169.8464,41.5,78,5,2.1,clear sky,0.0,0.0
359,Aquiraz,BR,2022-07-24 05:28:48,-3.9014,-38.3911,78.89,89,54,11.7,broken clouds,0.0,0.0
360,Pontianak,ID,2022-07-24 05:33:11,-0.0333,109.3333,89.58,62,75,9.22,broken clouds,0.0,0.0
361,Lima,PE,2022-07-24 05:30:55,-12.0432,-77.0282,59.29,86,32,3.91,scattered clouds,0.0,0.0
362,Itaituba,BR,2022-07-24 05:28:49,-4.2761,-55.9836,73.51,63,30,2.24,scattered clouds,0.0,0.0
363,Bartica,GY,2022-07-24 05:33:12,6.4,-58.6167,77.32,99,100,1.28,overcast clouds,0.0,0.0
364,Pitimbu,BR,2022-07-24 05:33:13,-7.4706,-34.8086,72.19,88,72,14.29,broken clouds,0.0,0.0
365,San Fernando,PH,2022-07-24 05:33:13,15.0286,120.6898,93.94,51,57,4.29,broken clouds,0.0,0.0
366,Bhag,PK,2022-07-24 05:33:13,29.0415,67.8239,80.98,87,100,5.08,overcast clouds,0.0,0.0
367,Faya,SA,2022-07-24 05:33:14,18.3851,42.4509,64.51,54,100,2.55,light rain,0.0,0.0
368,Kishapu,TZ,2022-07-24 05:33:14,-3.6167,33.8667,67.86,55,35,11.88,scattered clouds,0.0,0.0
369,Arivonimamo,MG,2022-07-24 05:33:15,-19.0167,47.1833,53.65,62,64,7.67,broken clouds,0.0,0.0
370,Kalengwa,ZM,2022-07-24 05:33:15,-13.4659,25.0027,59.27,60,30,5.68,scattered clouds,0.0,0.0
371,Lalmohan,BD,2022-07-24 05:33:16,22.3384,90.7419,83.73,78,98,12.5,overcast clouds,0.0,0.0
372,Abu Samrah,SY,2022-07-24 05:33:16,35.3029,37.1841,83.88,31,0,8.12,clear sky,0.0,0.0
373,Cayenne,GF,2022-07-24 05:30:39,4.9333,-52.3333,77.29,85,99,6.8,overcast clouds,0.0,0.0
374,Margate,GB,2022-07-24 05:33:17,51.3813,1.3862,65.89,82,66,4.0,broken clouds,0.0,0.0
375,Izhma,RU,2022-07-24 05:33:17,65.0083,53.9113,59.45,55,100,4.47,overcast clouds,0.0,0.0
376,Alto Piquiri,BR,2022-07-24 05:33:18,-24.0281,-53.4406,64.85,57,57,7.83,broken clouds,0.0,0.0
377,Moose Factory,CA,2022-07-24 05:31:13,51.2585,-80.6094,64.38,68,100,8.05,overcast clouds,0.0,0.0
378,Noumea,NC,2022-07-24 05:29:22,-22.2763,166.4572,75.18,88,100,10.07,overcast clouds,0.0,0.0
379,Wageningen,NL,2022-07-24 05:33:18,51.9667,5.6667,65.82,64,61,8.19,broken clouds,0.0,0.0
380,Grand Gaube,MU,2022-07-24 05:33:19,-20.0064,57.6608,73.8,65,48,10.0,scattered clouds,0.0,0.0
381,Axim,GH,2022-07-24 05:33:19,4.8699,-2.2405,74.08,85,44,5.95,scattered clouds,0.0,0.0
382,Marsa Matruh,EG,2022-07-24 05:33:20,31.3525,27.2453,77.2,73,0,6.91,clear sky,0.0,0.0
383,Hay River,CA,2022-07-24 05:29:43,60.8156,-115.7999,58.98,94,100,5.75,overcast clouds,0.0,0.0
384,Burnie,AU,2022-07-24 05:33:20,-41.0667,145.9167,59.92,87,97,3.74,overcast clouds,0.0,0.0
385,Acapulco,MX,2022-07-24 05:29:37,16.8634,-99.8901,80.42,74,75,4.61,broken clouds,0.0,0.0
386,Inuvik,CA,2022-07-24 05:30:33,68.3499,-133.7218,50.76,100,75,9.22,broken clouds,0.0,0.0
387,San Quintin,MX,2022-07-24 05:33:21,30.4833,-115.95,66.33,85,11,5.37,few clouds,0.0,0.0
388,Broome,US,2022-07-24 05:33:21,42.2506,-75.833,70.2,94,0,8.05,clear sky,0.0,0.0
389,Tsabong,BW,2022-07-24 05:33:22,-26.0217,22.401,51.12,50,3,8.99,clear sky,0.0,0.0
390,Blind River,CA,2022-07-24 05:33:22,46.1834,-82.9582,73.51,78,100,2.53,overcast clouds,0.0,0.0
391,Straumen,NO,2022-07-24 05:33:22,63.8709,11.2999,51.8,84,100,1.54,overcast clouds,0.0,0.0
392,Luhyny,UA,2022-07-24 05:33:23,51.082,28.4006,73.65,47,94,5.3,overcast clouds,0.0,0.0
393,Pionerskiy,RU,2022-07-24 05:33:23,54.9508,20.2275,63.75,79,75,22.86,broken clouds,0.0,0.0
394,North Branch,US,2022-07-24 05:33:24,45.5113,-92.9802,62.17,97,35,5.41,scattered clouds,0.0,0.0
395,Macia,MZ,2022-07-24 05:33:24,-25.0269,33.0989,66.15,60,4,5.37,clear sky,0.0,0.0
396,Binga,ZW,2022-07-24 05:33:24,-17.6203,27.3414,65.1,49,3,1.03,clear sky,0.0,0.0
397,Buala,SB,2022-07-24 05:33:25,-8.145,159.5921,84.76,66,20,6.11,few clouds,0.0,0.0
398,Broken Hill,AU,2022-07-24 05:30:19,-31.95,141.4333,69.12,41,0,15.79,clear sky,0.0,0.0
399,Srednekolymsk,RU,2022-07-24 05:33:25,67.45,153.6833,74.1,24,6,11.65,clear sky,0.0,0.0
400,Northam,GB,2022-07-24 05:33:26,51.0333,-4.2167,65.39,97,99,17.47,overcast clouds,0.0,0.0
401,Suruc,TR,2022-07-24 05:33:26,36.9761,38.425,82.18,23,0,13.67,clear sky,0.0,0.0
402,Kasamwa,TZ,2022-07-24 05:33:27,-2.85,32.4333,68.77,51,27,9.95,scattered clouds,0.0,0.0
403,Acari,PE,2022-07-24 05:33:27,-15.4311,-74.6158,60.51,79,43,1.92,scattered clouds,0.0,0.0
404,Mogadishu,SO,2022-07-24 05:32:15,2.0371,45.3438,76.87,78,75,19.57,broken clouds,0.0,0.0
405,Portland,US,2022-07-24 05:30:44,45.5234,-122.6762,69.78,73,20,6.91,few clouds,0.0,0.0
406,Lucea,JM,2022-07-24 05:33:28,18.451,-78.1736,79.9,82,100,7.61,overcast clouds,0.0,0.0
407,Kyren,RU,2022-07-24 05:33:28,51.6828,102.1408,65.5,72,98,0.96,overcast clouds,0.0,0.0
408,Prata,BR,2022-07-24 05:33:28,-19.3072,-48.9242,64.72,49,75,6.2,broken clouds,0.0,0.0
409,Thompson,CA,2022-07-24 05:29:59,55.7435,-97.8558,54.41,67,100,5.28,overcast clouds,0.0,0.0
410,Kiunga,PG,2022-07-24 05:33:29,-6.1219,141.2906,86.13,65,95,1.72,overcast clouds,0.0,0.0
411,Dourbali,TD,2022-07-24 05:33:29,11.8091,15.8632,78.28,73,100,11.23,overcast clouds,0.0,0.0
412,Bosaso,SO,2022-07-24 05:33:30,11.2842,49.1816,94.98,34,0,24.16,clear sky,0.0,0.0
413,Houma,US,2022-07-24 05:30:13,29.5958,-90.7195,78.01,93,0,0.0,clear sky,0.0,0.0
414,Gamba,GA,2022-07-24 05:33:30,-2.65,10.0,67.66,90,14,1.88,few clouds,0.0,0.0
415,Itapora,BR,2022-07-24 05:33:31,-22.0799,-54.7874,67.5,51,100,4.27,overcast clouds,0.0,0.0
416,Znamenskoye,RU,2022-07-24 05:33:31,57.1281,73.8282,61.97,55,97,10.76,overcast clouds,0.0,0.0
417,Chumikan,RU,2022-07-24 05:33:31,54.7183,135.315,79.21,42,41,2.26,scattered clouds,0.0,0.0
418,Asyut,EG,2022-07-24 05:33:32,27.181,31.1837,77.18,33,29,15.41,scattered clouds,0.0,0.0
419,Dorado,PR,2022-07-24 05:31:41,18.4588,-66.2677,77.18,95,11,11.12,few clouds,0.0,0.0
420,Planadas,CO,2022-07-24 05:33:32,3.197,-75.6451,66.06,93,100,3.69,overcast clouds,0.0,0.0
421,Schotten,DE,2022-07-24 05:30:57,50.5,9.1333,66.92,58,23,1.92,few clouds,0.0,0.0
422,Dunedin,NZ,2022-07-24 05:32:26,-45.8742,170.5036,44.8,77,1,3.0,clear sky,0.0,0.0
423,Makakilo City,US,2022-07-24 05:33:33,21.3469,-158.0858,80.92,59,0,18.41,clear sky,0.0,0.0
424,Verkhnyaya Inta,RU,2022-07-24 05:33:33,65.9811,60.3094,56.46,64,88,16.87,overcast clouds,0.0,0.0
425,Serrinha,BR,2022-07-24 05:33:34,-11.6642,-39.0075,64.04,98,39,3.56,scattered clouds,0.0,0.0
426,Kyshtovka,RU,2022-07-24 05:33:34,56.555,76.6271,62.13,60,75,10.56,broken clouds,0.0,0.0
427,Vilyuysk,RU,2022-07-24 05:33:35,63.7553,121.6247,79.81,45,23,8.19,few clouds,0.0,0.0
428,Beloha,MG,2022-07-24 05:29:25,-25.1667,45.05,66.16,55,0,5.35,clear sky,0.0,0.0
429,Sovetskiy,RU,2022-07-24 05:33:35,61.3614,63.5842,69.13,40,58,8.05,broken clouds,0.0,0.0
430,Kushima,JP,2022-07-24 05:33:35,31.4583,131.2333,86.9,61,96,7.25,overcast clouds,0.0,0.0
431,Puerto Madryn,AR,2022-07-24 05:33:36,-42.7692,-65.0385,42.24,93,100,13.09,light rain,0.0,0.0
432,Sri Aman,MY,2022-07-24 05:33:36,1.2376,111.4621,84.25,84,40,2.3,scattered clouds,0.0,0.0
433,Papar,MY,2022-07-24 05:33:37,5.7333,115.9333,86.0,78,93,6.33,overcast clouds,0.0,0.0
434,Porto Novo,BJ,2022-07-24 05:33:37,6.4965,2.6036,76.82,90,95,4.38,light rain,0.0,0.0
435,Mantua,IT,2022-07-24 05:33:37,45.1667,10.7833,78.35,74,5,1.03,clear sky,0.0,0.0
436,Gold Coast,AU,2022-07-24 05:30:11,-28.0,153.4333,72.45,59,75,10.36,broken clouds,0.0,0.0
437,Nouakchott,MR,2022-07-24 05:31:26,18.0858,-15.9785,80.53,88,81,8.93,light rain,0.0,0.0
438,Dwarka,IN,2022-07-24 05:33:38,22.2394,68.9678,82.13,83,100,20.13,light rain,0.0,0.0
439,Kohlu,PK,2022-07-24 05:33:39,29.8962,69.252,72.23,90,98,5.28,light rain,0.0,0.0
440,Kolondieba,ML,2022-07-24 05:33:39,11.0882,-6.8926,72.52,93,100,3.69,overcast clouds,0.0,0.0
441,Pasighat,IN,2022-07-24 05:30:33,28.0667,95.3333,84.58,72,99,3.24,overcast clouds,0.0,0.0
442,Raton,US,2022-07-24 05:33:39,36.9034,-104.4391,70.41,49,75,5.75,broken clouds,0.0,0.0
443,Verkhniye Sergi,RU,2022-07-24 05:33:40,56.6469,59.5556,75.27,51,21,7.61,few clouds,0.0,0.0
444,Rameswaram,IN,2022-07-24 05:33:40,9.2833,79.3,82.54,71,100,7.11,overcast clouds,0.0,0.0
445,Yazoo City,US,2022-07-24 05:33:41,32.8551,-90.4056,75.7,70,50,7.05,scattered clouds,0.0,0.0
446,Tura,IN,2022-07-24 05:33:41,25.5198,90.2201,78.15,89,100,1.05,overcast clouds,0.0,0.0
447,Waycross,US,2022-07-24 05:33:42,31.2136,-82.354,75.45,100,76,3.47,broken clouds,0.0,0.0
448,Port Hedland,AU,2022-07-24 05:29:25,-20.3167,118.5667,80.65,26,0,9.22,clear sky,0.0,0.0
449,Doha,QA,2022-07-24 05:33:42,25.2867,51.5333,100.38,47,52,1.14,broken clouds,0.0,0.0
450,Rio Claro,BR,2022-07-24 05:33:42,-22.4114,-47.5614,59.52,53,34,2.28,scattered clouds,0.0,0.0
451,Maumere,ID,2022-07-24 05:33:43,-8.6199,122.2111,80.71,55,22,9.55,few clouds,0.0,0.0
452,Moerai,PF,2022-07-24 05:33:43,-22.4333,-151.3333,70.7,82,88,16.98,light rain,0.0,0.0
453,Bria,CF,2022-07-24 05:33:44,6.5423,21.9863,69.73,94,100,2.46,overcast clouds,0.0,0.0
454,Xicotencatl,MX,2022-07-24 05:33:45,23.0167,-98.8833,82.47,87,9,2.8,clear sky,0.0,0.0
455,Vung Tau,VN,2022-07-24 05:33:45,10.346,107.0843,84.22,71,13,8.61,few clouds,0.0,0.0
456,Katherine,AU,2022-07-24 05:33:45,-14.4667,132.2667,88.12,8,10,5.75,clear sky,0.0,0.0
457,Mandurah,AU,2022-07-24 05:31:08,-32.55,115.7,57.9,58,89,6.06,overcast clouds,0.0,0.0
458,Panjakent,TJ,2022-07-24 05:33:46,39.4952,67.6093,97.72,14,0,7.76,clear sky,0.0,0.0
459,Bonthe,SL,2022-07-24 05:33:46,7.5264,-12.505,74.98,89,100,6.06,light rain,0.0,0.0
460,Roald,NO,2022-07-24 05:33:47,62.5833,6.1333,60.17,94,75,4.61,broken clouds,0.0,0.0
461,Impfondo,CG,2022-07-24 05:33:47,1.6381,18.0667,72.19,92,43,0.81,scattered clouds,0.0,0.0
462,Bojonegoro,ID,2022-07-24 05:33:47,-7.1502,111.8817,86.38,56,65,8.25,broken clouds,0.0,0.0
463,Bintulu,MY,2022-07-24 05:33:48,3.1667,113.0333,88.21,70,20,7.0,few clouds,0.0,0.0
464,Cherdyn,RU,2022-07-24 05:33:48,60.403,56.4787,74.98,53,22,5.19,few clouds,0.0,0.0
465,Yarmouth,US,2022-07-24 05:33:49,41.7057,-70.2286,77.11,79,0,9.22,clear sky,0.0,0.0
466,Taloqan,AF,2022-07-24 05:33:49,36.7361,69.5345,102.56,9,53,8.77,broken clouds,0.0,0.0
467,Ewo,CG,2022-07-24 05:33:50,-0.8725,14.8206,74.52,82,71,4.16,broken clouds,0.0,0.0
468,Vaitape,PF,2022-07-24 05:33:50,-16.5167,-151.75,79.36,73,8,10.92,clear sky,0.0,0.0
469,Homer,US,2022-07-24 05:33:52,59.6425,-151.5483,53.49,79,100,1.99,light rain,0.0,0.0
470,Rawah,IQ,2022-07-24 05:33:52,34.4816,41.9093,93.69,13,0,20.22,clear sky,0.0,0.0
471,Ballina,AU,2022-07-24 05:33:53,-28.8667,153.5667,64.78,79,33,12.03,scattered clouds,0.0,0.0
472,Maralal,KE,2022-07-24 05:33:53,1.0968,36.698,64.35,58,65,1.23,broken clouds,0.0,0.0
473,Aswan,EG,2022-07-24 05:31:10,24.0934,32.907,91.89,20,73,19.19,broken clouds,0.0,0.0
474,Ambanja,MG,2022-07-24 05:33:54,-13.6833,48.45,75.13,44,1,1.19,clear sky,0.0,0.0
475,Rheinau,DE,2022-07-24 05:33:54,48.8667,8.2,71.37,88,0,4.61,clear sky,0.0,0.0
476,Cururupu,BR,2022-07-24 05:33:55,-1.8283,-44.8683,74.17,92,98,1.57,overcast clouds,0.0,0.0
477,Vizinga,RU,2022-07-24 05:33:55,61.0749,50.1031,79.74,46,43,10.18,scattered clouds,0.0,0.0
478,Tevaitoa,PF,2022-07-24 05:33:55,-16.7833,-151.5,79.34,74,7,10.78,clear sky,0.0,0.0
479,North Bend,US,2022-07-24 05:30:33,43.4065,-124.2243,57.92,97,40,14.97,scattered clouds,0.0,0.0
480,Sembe,CG,2022-07-24 05:33:56,1.6481,14.5806,70.21,97,50,1.92,scattered clouds,0.0,0.0
481,Belmonte,BR,2022-07-24 05:32:33,-15.8631,-38.8828,70.16,81,90,7.02,overcast clouds,0.0,0.0
482,Kahului,US,2022-07-24 05:29:40,20.8947,-156.47,80.62,62,20,19.57,few clouds,0.0,0.0
483,Lasa,IT,2022-07-24 05:33:57,46.6166,10.7002,65.28,80,14,2.26,few clouds,0.0,0.0
484,Tecoanapa,MX,2022-07-24 05:33:57,16.5167,-98.75,77.65,88,99,5.68,overcast clouds,0.0,0.0
485,Puerto Del Rosario,ES,2022-07-24 05:33:58,28.5004,-13.8627,74.95,83,0,4.61,clear sky,0.0,0.0
486,Kagalnik,RU,2022-07-24 05:33:58,47.0769,39.323,66.72,53,10,8.59,clear sky,0.0,0.0
487,Aksu,CN,2022-07-24 05:33:58,41.1231,80.2644,101.52,8,56,3.29,broken clouds,0.0,0.0
488,Poronaysk,RU,2022-07-24 05:33:59,49.2167,143.1167,60.57,97,100,2.39,moderate rain,0.0,0.0
489,Vanimo,PG,2022-07-24 05:33:59,-2.6741,141.3028,84.33,72,85,8.75,overcast clouds,0.0,0.0
490,Malgrat De Mar,ES,2022-07-24 05:32:16,41.6466,2.7414,76.32,81,0,2.04,clear sky,0.0,0.0
491,Songkhla,TH,2022-07-24 05:34:00,6.8333,100.6667,89.65,57,76,5.41,broken clouds,0.0,0.0
492,Isangel,VU,2022-07-24 05:30:03,-19.55,169.2667,77.99,83,1,8.88,clear sky,0.0,0.0
493,Zvishavane,ZW,2022-07-24 05:34:00,-20.3267,30.0665,59.31,52,2,3.27,clear sky,0.0,0.0
494,Saint Anthony,US,2022-07-24 05:34:01,45.0205,-93.218,71.49,89,0,5.75,clear sky,0.0,0.0
495,Saiha,IN,2022-07-24 05:34:01,22.4833,92.9667,77.5,91,100,1.9,light rain,0.0,0.0
496,Koulamoutou,GA,2022-07-24 05:34:01,-1.1303,12.4736,72.36,87,100,0.92,overcast clouds,0.0,0.0
497,Mecca,SA,2022-07-24 05:29:03,21.4267,39.8261,89.6,48,89,16.58,overcast clouds,0.0,0.0
498,Tortoli,IT,2022-07-24 05:34:02,39.9256,9.6572,78.62,57,0,10.36,clear sky,0.0,0.0
499,Sao Miguel,BR,2022-07-24 05:34:02,-5.4667,-35.3667,74.17,93,57,12.91,broken clouds,0.0,0.0
500,Augusto Correa,BR,2022-07-24 05:34:03,-1.0217,-46.635,72.86,97,83,0.78,broken clouds,0.0,0.0
501,Salalah,OM,2022-07-24 05:34:03,17.0151,54.0924,77.09,88,100,9.22,overcast clouds,0.0,0.0
502,Richards Bay,ZA,2022-07-24 05:34:04,-28.783,32.0377,60.15,80,84,21.05,light rain,0.0,0.0
503,Abu Kamal,SY,2022-07-24 05:34:04,34.4506,40.9171,92.16,15,0,20.49,clear sky,0.0,0.0
504,Mayo,US,2022-07-24 05:34:05,38.8876,-76.5119,79.12,79,0,1.01,clear sky,0.0,0.0
505,Carutapera,BR,2022-07-24 05:31:10,-1.195,-46.02,74.95,93,92,5.08,overcast clouds,0.0,0.0
506,Sao Jose Da Coroa Grande,BR,2022-07-24 05:34:06,-8.8978,-35.1478,74.25,80,54,12.68,broken clouds,0.0,0.0
507,Bijbiara,IN,2022-07-24 05:34:06,33.8,75.1,82.69,57,63,1.59,broken clouds,0.0,0.0
508,Lesnyye Polyany,RU,2022-07-24 05:34:06,55.9667,37.8667,73.62,55,5,4.83,clear sky,0.0,0.0
509,Suraabad,AZ,2022-07-24 05:34:07,40.8192,49.4687,72.1,80,90,20.76,overcast clouds,0.0,0.0
510,Imeni Poliny Osipenko,RU,2022-07-24 05:34:07,52.4201,136.4853,80.17,53,1,5.95,clear sky,0.0,0.0
511,Ancud,CL,2022-07-24 05:31:02,-41.8697,-73.8203,43.23,92,100,3.2,light rain,0.0,0.0
512,Keti Bandar,PK,2022-07-24 05:34:08,24.1447,67.4497,81.93,88,100,17.09,light rain,0.0,0.0
513,Novyy Svit,UA,2022-07-24 05:34:08,47.8059,38.0211,75.2,50,8,10.4,clear sky,0.0,0.0
514,Samfya,ZM,2022-07-24 05:34:09,-11.3649,29.5565,63.79,56,98,8.19,overcast clouds,0.0,0.0
515,Touros,BR,2022-07-24 05:34:09,-5.1989,-35.4608,72.82,92,53,13.31,broken clouds,0.0,0.0
516,Pipri,IN,2022-07-24 05:34:10,19.8,75.5333,76.17,81,100,11.79,overcast clouds,0.0,0.0
517,Mantenopolis,BR,2022-07-24 05:34:10,-18.8625,-41.1228,59.18,97,5,2.64,clear sky,0.0,0.0
518,Narsaq,GL,2022-07-24 05:30:58,60.9167,-46.05,48.42,83,100,0.58,overcast clouds,0.0,0.0
519,Gimli,CA,2022-07-24 05:34:11,50.6336,-96.9907,57.02,84,72,14.23,broken clouds,0.0,0.0
520,Haines Junction,CA,2022-07-24 05:29:29,60.7522,-137.5108,55.35,47,64,11.5,broken clouds,0.0,0.0
521,Kasungu,MW,2022-07-24 05:34:12,-13.0333,33.4833,65.01,63,4,10.02,clear sky,0.0,0.0
522,Ewa Beach,US,2022-07-24 05:32:35,21.3156,-158.0072,82.35,60,0,18.41,clear sky,0.0,0.0
523,Tutayev,RU,2022-07-24 05:34:13,57.8853,39.5406,74.91,57,0,6.58,clear sky,0.0,0.0
524,Tekeli,KZ,2022-07-24 05:34:13,44.83,78.8239,85.86,21,8,13.04,clear sky,0.0,0.0
525,Winslow,US,2022-07-24 05:34:13,35.0242,-110.6974,78.98,53,75,4.61,broken clouds,0.0,0.0
526,Launceston,AU,2022-07-24 05:34:14,-41.45,147.1667,58.64,77,100,4.61,overcast clouds,0.0,0.0
527,Bernardino De Campos,BR,2022-07-24 05:34:14,-23.0131,-49.4742,59.2,62,75,4.94,broken clouds,0.0,0.0
528,Medicine Hat,CA,2022-07-24 05:32:07,50.0501,-110.6683,68.43,53,0,5.75,clear sky,0.0,0.0
529,Yelizavetino,RU,2022-07-24 05:34:15,59.4916,29.7938,64.96,79,100,6.85,overcast clouds,0.0,0.0
530,San Cristobal,VE,2022-07-24 05:30:59,7.7669,-72.225,64.6,86,6,1.43,clear sky,0.0,0.0
531,Hollins,US,2022-07-24 05:34:15,37.3413,-79.9431,75.07,85,75,4.61,broken clouds,0.0,0.0
532,Bangolo,CI,2022-07-24 05:34:16,7.0069,-7.475,68.72,97,100,2.62,overcast clouds,0.0,0.0
533,Mao,ES,2022-07-24 05:30:29,39.8885,4.2658,77.56,94,0,3.44,clear sky,0.0,0.0
534,Rosarito,MX,2022-07-24 05:34:16,32.3333,-117.0333,66.94,79,13,2.62,few clouds,0.0,0.0
535,Qasigiannguit,GL,2022-07-24 05:34:17,68.8193,-51.1922,39.25,98,100,2.01,overcast clouds,0.0,0.0
536,Huntsville,US,2022-07-24 05:31:52,34.7304,-86.5861,78.31,88,0,1.01,clear sky,0.0,0.0
537,Garissa,KE,2022-07-24 05:34:17,-0.4536,39.6401,76.08,61,79,21.43,broken clouds,0.0,0.0
538,Kudat,MY,2022-07-24 05:34:18,6.8837,116.8477,89.53,66,20,3.44,few clouds,0.0,0.0
539,Morant Bay,JM,2022-07-24 05:34:18,17.8815,-76.4093,80.22,83,76,8.88,broken clouds,0.0,0.0
540,Qui Nhon,VN,2022-07-24 05:34:19,13.7667,109.2333,85.69,65,14,8.72,few clouds,0.0,0.0
541,Nishihara,JP,2022-07-24 05:34:19,26.1842,127.7558,91.06,79,40,12.66,scattered clouds,0.0,0.0
542,Weyburn,CA,2022-07-24 05:34:20,49.6668,-103.8511,53.82,87,2,4.61,clear sky,0.0,0.0
543,Eluru,IN,2022-07-24 05:34:20,16.7,81.1,86.09,79,99,11.54,overcast clouds,0.0,0.0
544,Saint-Georges,GD,2022-07-24 05:34:20,12.0564,-61.7485,79.09,77,2,10.42,clear sky,0.0,0.0
545,Romny,UA,2022-07-24 05:34:21,50.751,33.4747,72.64,64,0,4.34,clear sky,0.0,0.0
546,Hihya,EG,2022-07-24 05:34:21,30.6713,31.588,82.51,52,5,5.77,clear sky,0.0,0.0
547,Akdagmadeni,TR,2022-07-24 05:34:22,39.6603,35.8836,59.05,62,0,9.66,clear sky,0.0,0.0
548,Nazilli,TR,2022-07-24 05:34:22,37.9163,28.3223,76.3,19,0,6.69,clear sky,0.0,0.0
549,Siilinjarvi,FI,2022-07-24 05:31:07,63.0833,27.6667,59.02,88,0,4.61,clear sky,0.0,0.0
550,Bratsk,RU,2022-07-24 05:34:23,56.1325,101.6142,70.29,51,97,1.34,overcast clouds,0.0,0.0
551,Mizoch,UA,2022-07-24 05:34:23,50.4,26.15,67.35,90,100,11.99,overcast clouds,0.0,0.0
552,Mirnyy,RU,2022-07-24 05:34:23,62.5353,113.9611,86.23,48,28,8.99,scattered clouds,0.0,0.0
553,Antalaha,MG,2022-07-24 05:34:24,-14.9003,50.2788,71.53,82,68,8.05,light rain,0.0,0.0
554,Dashitou,CN,2022-07-24 05:34:25,43.3067,128.5114,65.39,93,100,8.01,overcast clouds,0.0,0.0
555,Olafsvik,IS,2022-07-24 05:30:31,64.8945,-23.7142,51.58,82,71,4.74,broken clouds,0.0,0.0
556,Marathon,US,2022-07-24 05:34:26,44.9,-89.7668,69.33,91,100,6.91,overcast clouds,0.0,0.0
557,Yauya,PE,2022-07-24 05:34:26,-8.9833,-77.3,46.94,86,17,1.45,few clouds,0.0,0.0
558,Petropavlovsk-Kamchatskiy,RU,2022-07-24 05:29:47,53.0452,158.6483,68.59,64,20,13.42,few clouds,0.0,0.0
559,Kysyl-Syr,RU,2022-07-24 05:34:27,63.8986,122.7617,78.22,45,33,6.67,scattered clouds,0.0,0.0
560,Ciudad Bolivar,VE,2022-07-24 05:34:27,8.1222,-63.5497,75.94,82,68,8.3,broken clouds,0.0,0.0
561,Wilmington,US,2022-07-24 05:29:43,34.2257,-77.9447,80.85,90,0,0.0,clear sky,0.0,0.0
562,Key West,US,2022-07-24 05:34:28,24.5557,-81.7826,89.6,66,0,9.22,clear sky,0.0,0.0
563,Hamilton,US,2022-07-24 05:29:33,39.1834,-84.5333,80.89,81,0,8.05,clear sky,0.0,0.0
564,Abnub,EG,2022-07-24 05:34:28,27.2696,31.1511,77.22,34,22,15.17,few clouds,0.0,0.0
565,Moron,AR,2022-07-24 05:29:58,-34.6534,-58.6198,60.03,99,58,4.7,broken clouds,0.0,0.0
566,Vagamo,NO,2022-07-24 05:34:29,61.8751,9.0967,58.59,92,99,2.98,overcast clouds,0.0,0.0
567,Sola,VU,2022-07-24 05:34:29,-13.8833,167.55,80.71,74,12,9.69,few clouds,0.0,0.0
568,Shihezi,CN,2022-07-24 05:31:10,44.3,86.0333,94.42,21,40,6.2,scattered clouds,0.0,0.0
569,Opuwo,NA,2022-07-24 05:30:11,-18.0607,13.84,58.26,39,0,5.21,clear sky,0.0,0.0
570,Miraflores,MX,2022-07-24 05:34:30,19.2167,-98.8083,57.02,88,96,0.94,overcast clouds,0.0,0.0
571,Luban,PL,2022-07-24 05:34:31,51.1201,15.2877,65.88,66,31,4.99,scattered clouds,0.0,0.0
572,Xucheng,CN,2022-07-24 05:34:31,20.35,110.1288,85.73,72,36,2.71,scattered clouds,0.0,0.0
573,Puri,IN,2022-07-24 05:34:12,19.8,85.85,82.92,75,100,14.36,overcast clouds,0.0,0.0
574,Vao,NC,2022-07-24 05:34:32,-22.6667,167.4833,71.62,87,96,10.4,overcast clouds,0.0,0.0
575,Peace River,CA,2022-07-24 05:30:33,56.2501,-117.286,62.91,82,100,8.05,light rain,0.0,0.0
576,Marzuq,YE,2022-07-24 05:34:32,14.4,46.4667,81.43,52,72,2.42,broken clouds,0.0,0.0
577,Lenoir City,US,2022-07-24 05:34:33,35.7973,-84.256,77.49,90,39,3.33,scattered clouds,0.0,0.0
578,Fort Nelson,CA,2022-07-24 05:30:32,58.8053,-122.7002,60.19,68,70,3.33,light rain,0.0,0.0
579,Capao Da Canoa,BR,2022-07-24 05:34:33,-29.7456,-50.0097,62.1,94,100,2.33,overcast clouds,0.0,0.0
580,Longhua,CN,2022-07-24 05:34:34,23.6137,114.1919,102.72,34,0,5.3,clear sky,0.0,0.0
581,Normandin,CA,2022-07-24 05:34:34,48.8333,-72.5321,66.51,88,76,5.75,broken clouds,0.0,0.0
582,Wyndham,US,2022-07-24 05:34:35,37.6985,-77.6125,77.95,83,0,0.0,clear sky,0.0,0.0
583,Tonota,BW,2022-07-24 05:34:35,-21.4833,27.4833,59.68,50,4,4.32,clear sky,0.0,0.0
584,Muroto,JP,2022-07-24 05:34:35,33.2833,134.15,81.07,74,100,9.17,overcast clouds,0.0,0.0
585,Tezu,IN,2022-07-24 05:34:36,27.9167,96.1667,86.63,73,95,4.52,overcast clouds,0.0,0.0
586,Shrewsbury,GB,2022-07-24 05:34:36,52.7101,-2.7521,65.3,97,75,8.05,light rain,0.0,0.0
587,La Ronge,CA,2022-07-24 05:34:37,55.1001,-105.2842,59.25,82,75,0.0,broken clouds,0.0,0.0
588,Port Keats,AU,2022-07-24 05:34:37,-14.25,129.55,80.71,22,5,9.64,clear sky,0.0,0.0
589,Necochea,AR,2022-07-24 05:31:05,-38.5473,-58.7368,49.8,91,100,7.43,overcast clouds,0.0,0.0
590,Pemangkat,ID,2022-07-24 05:30:32,1.1667,108.9667,83.16,75,84,6.38,broken clouds,0.0,0.0
591,Comodoro Rivadavia,AR,2022-07-24 05:34:38,-45.8667,-67.5,35.46,80,100,6.91,light rain,0.0,0.0
592,Bozeman,US,2022-07-24 05:34:38,45.6796,-111.0386,71.02,45,0,4.61,clear sky,0.0,0.0
593,Kudahuvadhoo,MV,2022-07-24 05:34:39,2.6708,72.8944,82.76,71,100,10.4,overcast clouds,0.0,0.0
594,Fukue,JP,2022-07-24 05:34:39,32.6881,128.8419,82.76,94,75,10.36,broken clouds,0.0,0.0
595,Grand-Santi,GF,2022-07-24 05:34:39,4.25,-54.3833,70.86,99,98,2.28,light rain,0.0,0.0
596,Phibun Mangsahan,TH,2022-07-24 05:34:40,15.2447,105.2291,91.09,53,49,1.45,light rain,0.0,0.0
597,Shido,JP,2022-07-24 05:34:40,34.3233,134.1733,88.2,66,75,11.5,broken clouds,0.0,0.0
598,Tshikapa,CD,2022-07-24 05:34:41,-6.4167,20.8,78.08,44,81,0.2,broken clouds,0.0,0.0
599,Sokoni,TZ,2022-07-24 05:34:41,-6.4333,39.55,75.06,74,20,15.17,light rain,0.0,0.0
600,Rio Gallegos,AR,2022-07-24 05:31:01,-51.6226,-69.2181,24.85,93,0,11.5,clear sky,0.0,0.0
601,Marawi,PH,2022-07-24 05:34:42,7.9986,124.2928,77.31,86,97,2.8,overcast clouds,0.0,0.0
602,Tamiahua,MX,2022-07-24 05:34:42,21.2667,-97.45,80.11,87,7,12.75,clear sky,0.0,0.0
603,Voyvozh,RU,2022-07-24 05:34:42,62.892,54.9635,59.23,63,90,4.79,overcast clouds,0.0,0.0
604,Olinda,BR,2022-07-24 05:30:24,-8.0089,-34.8553,76.73,73,40,12.66,scattered clouds,0.0,0.0
605,Houston,US,2022-07-24 05:33:22,29.7633,-95.3633,84.6,81,20,10.36,few clouds,0.0,0.0
606,Kailua,US,2022-07-24 05:34:43,21.4022,-157.7394,82.38,76,75,9.22,light rain,0.0,0.0
607,Kamenka,RU,2022-07-24 05:34:43,51.3223,42.7678,70.43,67,78,10.36,broken clouds,0.0,0.0
608,Senanga,ZM,2022-07-24 05:34:44,-16.1167,23.2667,58.41,49,1,5.32,clear sky,0.0,0.0
609,Oranjestad,AW,2022-07-24 05:30:35,12.524,-70.027,80.55,78,20,12.66,few clouds,0.0,0.0
610,Inhambane,MZ,2022-07-24 05:34:45,-23.865,35.3833,66.18,88,20,3.44,few clouds,0.0,0.0
611,Newcastleton,GB,2022-07-24 05:34:45,55.1796,-2.8127,62.04,97,98,14.88,overcast clouds,0.0,0.0
612,Warwick,US,2022-07-24 05:34:46,41.7001,-71.4162,77.04,74,0,3.44,clear sky,0.0,0.0
613,Pangoa,PE,2022-07-24 05:34:47,-12.1167,-73.0,68.94,94,98,1.52,overcast clouds,0.0,0.0
614,Batagay,RU,2022-07-24 05:34:47,67.6333,134.6333,68.04,68,98,6.67,overcast clouds,0.0,0.0
615,Loum,CM,2022-07-24 05:34:48,4.7182,9.7351,71.02,97,100,1.16,overcast clouds,0.0,0.0
616,Rogers,US,2022-07-24 05:31:09,36.3668,-95.5836,89.31,59,31,4.0,scattered clouds,0.0,0.0
617,Marsabit,KE,2022-07-24 05:34:49,2.3284,37.9899,63.16,62,89,18.03,overcast clouds,0.0,0.0
618,Goderich,CA,2022-07-24 05:30:32,43.7501,-81.7165,76.91,78,64,11.5,broken clouds,0.0,0.0
619,Byron Bay,AU,2022-07-24 05:31:06,-28.65,153.6167,64.71,69,48,12.3,scattered clouds,0.0,0.0
620,Snellville,US,2022-07-24 05:34:49,33.8573,-84.0199,77.72,89,0,0.0,clear sky,0.0,0.0
621,Ambajogai,IN,2022-07-24 05:34:50,18.7333,76.3833,75.74,80,100,14.41,overcast clouds,0.0,0.0
622,Mahibadhoo,MV,2022-07-24 05:29:50,3.7833,72.9667,82.72,72,100,11.72,overcast clouds,0.0,0.0
623,Chapais,CA,2022-07-24 05:32:44,49.7834,-74.8492,55.36,94,52,4.94,broken clouds,0.0,0.0
624,Pedernales,DO,2022-07-24 05:34:51,18.0384,-71.744,80.78,73,100,2.86,overcast clouds,0.0,0.0
625,Charters Towers,AU,2022-07-24 05:34:51,-20.1,146.2667,74.53,43,0,10.04,clear sky,0.0,0.0
626,Lamar,US,2022-07-24 05:34:52,33.6668,-95.5836,84.63,65,0,8.05,clear sky,0.0,0.0
627,Malanje,AO,2022-07-24 05:34:52,-9.5402,16.341,64.02,49,6,1.19,clear sky,0.0,0.0
628,Miles City,US,2022-07-24 05:34:52,46.4083,-105.8406,72.57,43,0,6.91,clear sky,0.0,0.0
629,Alappuzha,IN,2022-07-24 05:32:47,9.49,76.3264,79.83,78,100,9.08,overcast clouds,0.0,0.0
630,Dolinsk,RU,2022-07-24 05:34:53,47.35,142.8,57.38,98,100,7.72,overcast clouds,0.0,0.0
631,Natal,BR,2022-07-24 05:33:21,-5.795,-35.2094,77.22,88,75,9.22,broken clouds,0.0,0.0
632,Kargasok,RU,2022-07-24 05:34:54,59.0556,80.8572,60.4,56,58,9.71,broken clouds,0.0,0.0
633,Tabou,CI,2022-07-24 05:34:54,4.423,-7.3528,74.89,75,98,5.48,overcast clouds,0.0,0.0
634,Buarcos,PT,2022-07-24 05:34:55,40.166,-8.8768,65.66,93,0,6.31,clear sky,0.0,0.0
635,Hearst,CA,2022-07-24 05:34:02,49.6835,-83.6665,59.25,97,98,8.01,light rain,0.0,0.0
636,Santa Marta,CO,2022-07-24 05:34:55,11.2408,-74.199,80.65,74,20,8.05,few clouds,0.0,0.0
637,Saint-Pierre,RE,2022-07-24 05:34:56,-21.3393,55.4781,74.28,63,0,4.61,clear sky,0.0,0.0
638,Prainha,BR,2022-07-24 05:34:56,-1.8,-53.48,74.26,82,12,2.91,few clouds,0.0,0.0
639,Lishan,CN,2022-07-24 05:34:56,31.8576,113.2951,90.45,55,0,7.05,clear sky,0.0,0.0
640,Tangshan,CN,2022-07-24 05:34:57,39.6333,118.1833,93.11,40,2,12.46,clear sky,0.0,0.0
641,Mamakan,RU,2022-07-24 05:34:57,57.8161,114.0028,87.4,44,31,3.8,scattered clouds,0.0,0.0
642,Santiago,CL,2022-07-24 05:34:58,-33.4569,-70.6483,53.55,71,75,3.44,fog,0.0,0.0
643,Cap Malheureux,MU,2022-07-24 05:34:58,-19.9842,57.6142,73.47,65,47,8.99,scattered clouds,0.0,0.0
644,Kutum,SD,2022-07-24 05:34:58,14.2,24.6667,78.91,52,92,12.37,overcast clouds,0.0,0.0
645,Key Largo,US,2022-07-24 05:34:59,25.0865,-80.4473,83.98,56,4,15.17,clear sky,0.0,0.0
646,South Venice,US,2022-07-24 05:34:59,27.0531,-82.4243,77.99,94,20,6.91,few clouds,0.0,0.0
647,Baijiantan,CN,2022-07-24 05:35:00,45.6333,85.1833,91.0,19,43,3.76,scattered clouds,0.0,0.0
648,Mount Isa,AU,2022-07-24 05:30:17,-20.7333,139.5,83.97,21,0,9.22,clear sky,0.0,0.0
649,Tugulym,RU,2022-07-24 05:35:00,57.0591,64.6425,71.67,55,91,8.01,overcast clouds,0.0,0.0
650,Sao Miguel Do Araguaia,BR,2022-07-24 05:35:01,-13.275,-50.1628,70.45,42,3,4.85,clear sky,0.0,0.0
651,Liku,ID,2022-07-24 05:35:01,-0.7275,119.8922,84.51,72,53,3.06,broken clouds,0.0,0.0
652,Woodward,US,2022-07-24 05:35:01,36.4337,-99.3904,88.83,35,0,17.27,clear sky,0.0,0.0
653,Vila Franca Do Campo,PT,2022-07-24 05:30:17,37.7167,-25.4333,74.19,92,83,4.41,broken clouds,0.0,0.0
654,Santa Fe,AR,2022-07-24 05:33:03,-31.6333,-60.7,68.0,90,1,1.99,clear sky,0.0,0.0
655,Repatriacion,PY,2022-07-24 05:35:02,-25.5333,-55.95,67.08,64,61,6.29,broken clouds,0.0,0.0
656,Taywarah,AF,2022-07-24 05:35:03,33.35,64.4167,78.87,19,10,3.11,clear sky,0.0,0.0
657,Lerwick,GB,2022-07-24 05:35:03,60.1545,-1.1494,55.4,97,100,25.77,moderate rain,0.0,0.0
658,Aanekoski,FI,2022-07-24 05:35:03,62.6946,25.818,59.07,100,99,5.68,overcast clouds,0.0,0.0
659,Bulnes,CL,2022-07-24 05:32:53,-36.7423,-72.2985,50.76,96,100,4.18,light rain,0.0,0.0
660,Dumas,US,2022-07-24 05:35:04,35.8656,-101.9732,82.54,34,0,10.36,clear sky,0.0,0.0
661,Pemberton,CA,2022-07-24 05:33:32,50.3164,-122.8027,69.51,73,18,3.4,few clouds,0.0,0.0
662,Qaqortoq,GL,2022-07-24 05:35:05,60.7167,-46.0333,43.32,92,100,2.46,overcast clouds,0.0,0.0
663,Borovoy,RU,2022-07-24 05:35:05,55.4333,86.0833,63.68,82,40,6.71,light rain,0.0,0.0
664,Soyo,AO,2022-07-24 05:35:05,-6.1349,12.3689,69.04,92,25,4.25,scattered clouds,0.0,0.0
665,Omboue,GA,2022-07-24 05:35:06,-1.5746,9.2618,69.51,88,29,3.51,scattered clouds,0.0,0.0
666,Gidole,ET,2022-07-24 05:35:06,5.65,37.3667,62.22,55,67,3.6,broken clouds,0.0,0.0
667,Mkuranga,TZ,2022-07-24 05:35:07,-7.118,39.2078,68.99,68,49,8.9,scattered clouds,0.0,0.0
668,Oriximina,BR,2022-07-24 05:30:50,-1.7656,-55.8661,74.17,77,39,3.04,scattered clouds,0.0,0.0
669,Cross Lanes,US,2022-07-24 05:35:08,38.4204,-81.7907,69.89,98,40,1.01,mist,0.0,0.0
670,Baykit,RU,2022-07-24 05:35:09,61.67,96.37,66.4,48,82,6.2,broken clouds,0.0,0.0
671,Dong Hoi,VN,2022-07-24 05:30:34,17.4833,106.6,88.99,63,0,8.77,clear sky,0.0,0.0
672,Cabra,ES,2022-07-24 05:35:09,37.4725,-4.4421,77.67,32,0,3.44,clear sky,0.0,0.0
673,Miandrivazo,MG,2022-07-24 05:35:10,-19.5167,45.4667,75.51,48,14,1.61,few clouds,0.0,0.0
674,Afua,BR,2022-07-24 05:35:10,-0.1567,-50.3867,74.21,93,86,4.23,overcast clouds,0.0,0.0
675,Saldanha,ZA,2022-07-24 05:29:57,-33.0117,17.9442,48.29,73,0,10.36,clear sky,0.0,0.0
676,Manama,BH,2022-07-24 05:35:11,26.2154,50.5832,102.38,41,0,12.66,clear sky,0.0,0.0
677,Zonguldak,TR,2022-07-24 05:35:11,41.25,31.8333,61.65,48,0,2.39,clear sky,0.0,0.0
678,Manakara,MG,2022-07-24 05:35:12,-22.1333,48.0167,68.76,79,4,3.4,clear sky,0.0,0.0
679,Huejuquilla El Alto,MX,2022-07-24 05:35:12,22.6,-103.8667,60.78,83,61,2.68,broken clouds,0.0,0.0
680,Misratah,LY,2022-07-24 05:35:12,32.3754,15.0925,82.58,58,0,8.55,clear sky,0.0,0.0
681,Guane,CU,2022-07-24 05:35:13,22.2025,-84.0875,77.77,84,100,5.1,overcast clouds,0.0,0.0
682,Boca Do Acre,BR,2022-07-24 05:30:56,-8.7522,-67.3978,73.74,84,52,2.86,broken clouds,0.0,0.0
683,Grootfontein,NA,2022-07-24 05:35:14,-19.5667,18.1167,57.06,43,3,5.88,clear sky,0.0,0.0
